id;house_no;city;tahsil;district;state;pincode;created_at;modified_at;enable
f51cacea-2c7d-4f47-b67d-07bdb2da0cf4;boundary farad;Siennafurt;West;Outdoors;Oriental;Outdoors;2023-09-27;2023-09-28;false
bee5b417-e50e-4d96-ae14-3c5ef2861e6b;Beauty voluptatum;Visalia;Managed Illinois a;Account Integration;Czechia;Assistant index Electronic;2023-09-27;2023-09-28;false
de3aeed7-d1ba-487e-b0c5-fb48958bb59d;Israel foresee until;Lake Roryworth;Gambia neural;hmph;National Transexual;Pangender Computer;2023-09-28;2023-09-27;false
34505521-d915-45d1-b0e3-7e12db89938e;Belgium;Appleton;Ergonomic;Gasoline hack;Schimmel dedicated Southeast;partnerships;2023-09-28;2023-09-27;true
ead8859f-8615-4f27-bfdb-f0042e43d2b9;Oval Ouguiya;East Juniorstead;sky;burdensome;Tasty Health;Gorgeous;2023-09-27;2023-09-27;true
9561d74a-6c38-4caa-910d-c975f93a4328;Northwest Sharable;New Davonfield;Electronic;payment;Cotton male;withdrawal mole;2023-09-27;2023-09-27;false
747305fb-d770-4af7-a929-b8645c86bbaf;place;Lake Marquisview;Convertible Hyundai Modern;Darmstadtium;Diesel Jewelery seriously;combat tesla;2023-09-27;2023-09-27;true
69d4091e-2de1-4fc4-8ac3-365a1f63a9c0;Ruthenium;South Jacynthe;scallion Intelligent;Chicken Southwest Account;Pennsylvania Helium;Dakota array Cambridgeshire;2023-09-27;2023-09-27;false
4754e729-288d-4b4a-adf1-5db8e735ae74;die Rubie woeful;Kokomo;West;pixel Health panpipe;Account generating Sedan;Compatible Fish;2023-09-27;2023-09-28;true
8e30777e-9cae-4cc0-ad37-2361764f3212;actuate strategic;Hermanstad;primary Frozen Balanced;Senior;applications Assistant;Cab digital;2023-09-27;2023-09-27;false
